episode_id,task_code,split,route,gt,label,status,reason
"7825a98444ad47d8ba8cc0c87343cb8d","DL-8GY1IC","development","A","correct","correct","completed","待测序列C中，操作者使用机械臂从床头柜抽屉中取出棕色戴蝴蝶结的狗玩偶，并将其搬运至指定位置。整个过程符合任务指令要求，物体颜色、特征与指令一致，动作完整且无失败重试迹象，采样画面清晰可辨。"
"7825a98444ad47d8ba8cc0c87343cb8d","DL-8GY1IC","development","B","correct","correct","completed","棕色戴蝴蝶结狗从抽屉中被取出并搬运，过程中可见其被夹持且佩戴蝴蝶结，动作完成。"
"270763289cb1f7628ce0b39dced360bd","DL-8GY1IC","development","A","correct","correct","completed","待测序列C中，操作者使用机械臂从抽屉中抓取棕色戴蝴蝶结的狗玩偶，并成功将其搬运至指定位置。物体颜色、特征与指令一致，动作过程完整，无明显失败重试行为，采样画面清晰可辨。"
"b979add7ac77854f16b7b3ff5018b3f9","DL-8GY1IC","development","A","correct","correct","completed","待测序列C中，操作者使用机械臂从床头柜抽屉中取出棕色戴蝴蝶结的狗玩偶，并将其搬运至指定位置。整个过程中物体颜色、特征与指令一致，动作完整且无明显失败重试迹象，采样画面清晰可辨。"
"d29232f1d183a3bdc761c6548fb8c796","DL-8GY1IC","development","A","incorrect","correct","completed","待测序列C中，操作者使用机械臂夹取了棕色戴蝴蝶结的狗玩偶，并将其从抽屉中取出，整个过程符合任务指令要求。物体颜色、特征与指令一致，动作完整且无失败重试迹象，采样画面清晰可辨。"
"270763289cb1f7628ce0b39dced360bd","DL-8GY1IC","development","B","correct","correct","completed","棕色戴蝴蝶结狗被成功从抽屉中取出并搬运，过程中可见其被夹持且佩戴粉色蝴蝶结，符合任务要求。"
"b979add7ac77854f16b7b3ff5018b3f9","DL-8GY1IC","development","B","correct","correct","completed","棕色戴蝴蝶结狗在抽屉中被夹取并搬运，过程中可见其被稳定夹持，最终被移出抽屉，符合任务要求。"
"d29232f1d183a3bdc761c6548fb8c796","DL-8GY1IC","development","B","incorrect","correct","completed","棕色戴蝴蝶结狗被成功从抽屉中取出并搬运，全程可见其被夹持且佩戴蝴蝶结，动作完成。"
"95c20a795db83e3c3188b1fb5cec85e2","DL-8GY1IC","holdout","A","correct","correct","completed","待测序列C中，操作者使用机械臂从抽屉中取出棕色戴蝴蝶结的狗玩偶，并将其搬运至指定位置。整个过程中物体颜色、特征与指令一致，动作完整且无明显失败重试迹象，采样画面清晰可辨。"
"95c20a795db83e3c3188b1fb5cec85e2","DL-8GY1IC","holdout","B","correct","correct","completed","棕色戴蝴蝶结狗从抽屉中被取出并搬运至床头柜上，全程可见其被夹持且佩戴蝴蝶结，动作完成。"
"3e14d4875095284598117f24becd004f","DL-8GY1IC","holdout","B","correct","correct","completed","棕色戴蝴蝶结狗被成功从抽屉中取出并搬运，全程可见其被夹持且佩戴蝴蝶结，动作完成。"
"3e14d4875095284598117f24becd004f","DL-8GY1IC","holdout","A","correct","correct","completed","待测序列C中，棕色戴蝴蝶结的狗被成功从抽屉中取出并搬运，物体颜色和特征与指令一致，操作过程完整且无失败重试迹象，采样画面清晰可辨。"
"533652ca315e6171af0b7d259f4d32b1","DL-8GY1IC","holdout","B","correct","correct","completed","待测视频中棕色戴蝴蝶结狗被成功从抽屉中取出并搬运，多个视角均显示其被夹持且佩戴蝴蝶结，动作完整。未见明确失败重试，采样画面清晰可辨。"
"533652ca315e6171af0b7d259f4d32b1","DL-8GY1IC","holdout","A","correct","correct","completed","待测序列C中，操作者使用机械臂夹取了棕色戴蝴蝶结的狗玩偶，并将其从床头柜抽屉中取出并搬运。物体颜色和特征与指令一致，动作过程完整，未见失败重试迹象，采样画面清晰可辨。"
"bcff833a48f52495650019e4369f5e1f","DL-8GY1IC","holdout","B","incorrect","correct","completed","棕色戴蝴蝶结狗在抽屉中被夹取并搬运，过程中可见其被稳定夹持且佩戴蝴蝶结，动作完成。"
"bcff833a48f52495650019e4369f5e1f","DL-8GY1IC","holdout","A","incorrect","correct","completed","待测序列C中，操作者使用机械臂夹取了棕色戴蝴蝶结的狗玩偶，并将其从抽屉中取出，整个过程符合任务指令要求。物体颜色、特征与指令一致，动作完整且无明显失败重试迹象，采样画面清晰可辨。"
